{"train_loss": [0.017199133484737596, 0.0022526687214062925, 0.0013274911807211291, 0.001192307024639622, 0.0009580702685304238, 0.0008444501364735786, 0.0007696448740151371, 0.0007089295765114444, 0.0007317424473365316, 0.0006448823372822419, 0.0006543639782230949, 0.0006650434809106062, 0.0006035842067118407, 0.0006349606045389648, 0.0006059488651501581, 0.0006545649397201094, 0.0005627535609803729, 0.0005941191936152471, 0.0006391038693805426, 0.0005575971649975415, 0.0005821301489738067, 0.0005939966090876181, 0.0005673841075779795, 0.00057001119370201, 0.0005753585526985556, 0.0005699923231716369, 0.0005729621174789311, 0.0005513061114470474, 0.0005473760690546368, 0.0005515846343670903], "train_reg_loss": [0.017147571093251778, 0.0022252709634296873, 0.0013074690270366625, 0.0011750614278040498, 0.0009444359818755058, 0.000833852404891356, 0.0007611464727921663, 0.0007019738571732494, 0.0007254061595311804, 0.0006394667667533409, 0.0006492778639005484, 0.0006599013594127058, 0.0005991698770919135, 0.0006301564745749724, 0.0006015460543150422, 0.0006496281788615208, 0.0005589097925474414, 0.0005900317590252647, 0.0006346511380625826, 0.0005536922219058348, 0.0005783344052238012, 0.0005898006846601257, 0.0005638108218074588, 0.0005662465150463332, 0.0005714155524352415, 0.0005663539508532267, 0.0005690004947167393, 0.0005479597438180291, 0.0005435934337681927, 0.0005482177279584387], "train_rank_loss": [0.0005156241365978998, 0.00027397759362970275, 0.0002002215564995847, 0.000172455974692688, 0.00013634286466628043, 0.00010597731346491413, 8.498401775550273e-05, 6.95572044900768e-05, 6.336285819948849e-05, 5.415570876229558e-05, 5.086116032027742e-05, 5.142121779843709e-05, 4.4143293441290575e-05, 4.804130636035257e-05, 4.402811049953311e-05, 4.936759745686612e-05, 3.843768386473499e-05, 4.087434841568284e-05, 4.452731276418293e-05, 3.904943443214162e-05, 3.7957429929126706e-05, 4.195925561165299e-05, 3.573287336695176e-05, 3.764678716391712e-05, 3.943001117747642e-05, 3.638372685034827e-05, 3.961621866831076e-05, 3.3463677225488546e-05, 3.7826354904658776e-05, 3.36690637141146e-05], "val_loss": [0.0020217145592184914, 0.0011640241941749414, 0.001066704678080333, 0.0012259453094826775, 0.000860763986970091, 0.0007659393548180112, 0.0005662624568526914, 0.0006603497294856915, 0.0007066219487381796, 0.0006856430147655331, 0.0007172296674171877, 0.0005941512340902432, 0.0009147300797704947, 0.0006198514423135387, 0.0005952534777443072, 0.0013666892146353522, 0.0006028983860030874, 0.0006484919998449244, 0.0005124498288390146, 0.0006257135430623459, 0.0005241648155672934, 0.0009496827601290693, 0.000696582803299414, 0.0005003732914037611, 0.000500736248680383, 0.000561500784695252, 0.0008505197403128333, 0.0006114171754609468, 0.0004988359153411159, 0.0006310092958590267], "val_reg_loss": [0.0019871139287253813, 0.0011418423144653113, 0.0010480969486663873, 0.0012052635080643027, 0.0008453405153843397, 0.0007572940000774531, 0.0005598162644009645, 0.000652708762948076, 0.0007017284596735234, 0.0006805874447944382, 0.0007106782861575041, 0.0005893519691386563, 0.0009070313693853909, 0.0006156845994978323, 0.0005902651017614906, 0.0013626077788002375, 0.000600273698918976, 0.0006443787875930808, 0.0005094211279240895, 0.0006199999697278217, 0.0005203779320355453, 0.0009451575225241305, 0.0006933066095313286, 0.0004979557736424752, 0.0004979090566819881, 0.0005576261893789735, 0.000846290224534829, 0.0006052633154525659, 0.0004969972550396859, 0.0006283083585292352], "val_rank_loss": [0.0003460063362292694, 0.00022181880749052479, 0.00018607727182074635, 0.0002068180295441019, 0.00015423471862930686, 8.6453547997475e-05, 6.446192292204369e-05, 7.640965516960326e-05, 4.893488932562861e-05, 5.055570306741708e-05, 6.551384715763446e-05, 4.7992646318201124e-05, 7.698709836519796e-05, 4.166841374951348e-05, 4.98837661152287e-05, 4.081438264764738e-05, 2.624686775893751e-05, 4.113213002537599e-05, 3.0287020467406524e-05, 5.713572801098399e-05, 3.786882491603758e-05, 4.5252384112130144e-05, 3.2761945638932434e-05, 2.4175168489039477e-05, 2.8271922560850814e-05, 3.874595248427275e-05, 4.229514413040421e-05, 6.153861492445382e-05, 1.8386601798031028e-05, 2.700939380124582e-05], "val_perf": [{"mse": 0.0020033935467849385, "mrrt": 0.03206302310524619, "btl": 2.4394360165752005}, {"mse": 0.0011511969613184306, "mrrt": 0.036550089695199066, "btl": 2.0508280870853923}, {"mse": 0.0010566835772595658, "mrrt": 0.036766107329321264, "btl": 2.1524159376858734}, {"mse": 0.00121513773667788, "mrrt": 0.03551845853831227, "btl": 2.2488024081103504}, {"mse": 0.0008522660491242823, "mrrt": 0.027016382023406255, "btl": 1.8132207101152744}, {"mse": 0.0007634981999098467, "mrrt": 0.02458767999234754, "btl": 1.8528956076188479}, {"mse": 0.0005644026112913524, "mrrt": 0.02210650134969209, "btl": 1.6644825884213788}, {"mse": 0.0006580561393515662, "mrrt": 0.01807908033009436, "btl": 1.4848287760978565}, {"mse": 0.0007074774348111122, "mrrt": 0.014002736423854996, "btl": 0.9641099846794532}, {"mse": 0.0006861632164227755, "mrrt": 0.02172584871348922, "btl": 1.2178157710586675}, {"mse": 0.0007165005840392833, "mrrt": 0.024470753786199086, "btl": 1.585163913143333}, {"mse": 0.0005941802887606442, "mrrt": 0.037366994386674506, "btl": 1.272763094806578}, {"mse": 0.0009144623018156803, "mrrt": 0.026140231174811276, "btl": 1.6598798063932918}, {"mse": 0.0006207286488988805, "mrrt": 0.01817505273165946, "btl": 1.7259776154533029}, {"mse": 0.0005951009025172051, "mrrt": 0.016926643649342, "btl": 0.6166205249610357}, {"mse": 0.001373771064660287, "mrrt": 0.015113838442439645, "btl": 1.705469699089008}, {"mse": 0.0006051914954071897, "mrrt": 0.02972324721098829, "btl": 1.5317977348458953}, {"mse": 0.0006496579197108971, "mrrt": 0.0309741547868307, "btl": 2.4777973032323644}, {"mse": 0.0005135946105492668, "mrrt": 0.022963091182306626, "btl": 1.4940441721992102}, {"mse": 0.0006250793785314843, "mrrt": 0.016549024185711084, "btl": 1.3867053347930778}, {"mse": 0.0005246411752107652, "mrrt": 0.025589345248251735, "btl": 2.1706971759558655}, {"mse": 0.0009529008084014637, "mrrt": 0.022460231437532528, "btl": 1.5065034781000577}, {"mse": 0.0006989865843846326, "mrrt": 0.03179826132123419, "btl": 1.2686194398847874}, {"mse": 0.0005020353247050023, "mrrt": 0.02026667135735241, "btl": 1.5746042366990878}, {"mse": 0.0005019882200147577, "mrrt": 0.02548859855412456, "btl": 2.2385483476537047}, {"mse": 0.0005621945926570469, "mrrt": 0.018780655314916097, "btl": 2.256717628799379}, {"mse": 0.0008532235310352313, "mrrt": 0.028730334537210786, "btl": 2.043634504050715}, {"mse": 0.0006102219886978005, "mrrt": 0.022269137497202714, "btl": 1.5409620290156454}, {"mse": 0.0005010689495117939, "mrrt": 0.01607525790207978, "btl": 1.1175488516746555}, {"mse": 0.0006334558319765214, "mrrt": 0.034012401926124355, "btl": 1.0754175307229161}], "test_loss": [0.0017400453430069965, 0.0009319103402252611, 0.0008748966109062611, 0.0010790703953283088, 0.0006641260462956511, 0.0006160227617962121, 0.0004406842561649897, 0.0005875971903366268, 0.0005864135199914125, 0.0005856930007588292, 0.0006074716083072755, 0.0005196717678631149, 0.0008816530210612428, 0.0005084648221816656, 0.0004982162263408453, 0.001257029259238463, 0.00047917390063666356, 0.0005644150257586081, 0.0003947735142590525, 0.0005540419245907007, 0.00042618268503726925, 0.0009000131461026642, 0.0005706313318786121, 0.0003884241966956063, 0.0003899033476705643, 0.00046508138452141785, 0.0008164246371094499, 0.0005330696842242189, 0.0003844683399578195, 0.0005083726188521596],