{"train_loss": [0.03288129941887549, 0.010645854424660069, 0.00982873631590927, 0.009702404821291566, 0.009586647271203834, 0.00925660641687746, 0.009269891916522504, 0.009013041087451415, 0.009121318744822733, 0.009002006481200255, 0.008973114382525956, 0.008938831757326182, 0.008910273101080108, 0.008959276039732268, 0.008910210774204619, 0.0089329513834437, 0.008915361921881904, 0.00880972114076989, 0.008837611573697949, 0.008859303954208421, 0.008791587266416566, 0.008784393301057453, 0.008842494995710817, 0.008805642358807696, 0.008786869779657069, 0.008715443595664929, 0.008745343993870995, 0.008719914336688816, 0.008716102809066305, 0.00876794591470546], "train_reg_loss": [0.032796178006793596, 0.010579370836903518, 0.009768150671938989, 0.009644666480252872, 0.009530573745409178, 0.009203281682739789, 0.009217944365573695, 0.008963176066911703, 0.00907126740753852, 0.008953739986503246, 0.008925139169032509, 0.008891644777503569, 0.008863032927635956, 0.008911501668469124, 0.008863386591720219, 0.008885557609736115, 0.008867991864177827, 0.008763059980009456, 0.008791082234096689, 0.008812293937631152, 0.008744685964130267, 0.008737719984649605, 0.00879542500636465, 0.008759022394597932, 0.008739971217221101, 0.008669024741126073, 0.008698683544187933, 0.008673777651494822, 0.008669840526213316, 0.008721112750621663], "train_rank_loss": [0.0008512136092079075, 0.0006648358298588317, 0.0006058564198807487, 0.0005773834688305805, 0.000560735187055134, 0.0005332473758096819, 0.0005194755740474746, 0.0004986502685996301, 0.0005005132981554001, 0.0004826650074195444, 0.0004797520815053439, 0.0004718697202357313, 0.00047240171949630857, 0.00047774383358931095, 0.00046824181603418813, 0.00047393781927451993, 0.000473700490004597, 0.00046661152904365537, 0.00046529338718313297, 0.00047010027156903634, 0.00046901301873338133, 0.0004667331400874851, 0.0004706998888011455, 0.0004661997438627106, 0.00046898560174520607, 0.00046418854761066394, 0.0004666045076265692, 0.000461366828676546, 0.0004626227548264118, 0.00046833157722249853], "val_loss": [0.007035955308108694, 0.0071088548284024, 0.0071000900001279895, 0.006582933126963557, 0.0062488083550263016, 0.005965637634434398, 0.006199998657278243, 0.005768394851613613, 0.005996891334357243, 0.0058702351894998365, 0.005822113829679669, 0.005930438780018853, 0.0059065935589994, 0.005764042502195235, 0.006183741362913261, 0.005698827010328098, 0.00587032736271679, 0.0061576227021832314, 0.005699508978674809, 0.0062414828599208876, 0.005977149008743701, 0.005948467510900209, 0.006231825456895408, 0.00847169306010954, 0.005672042620264822, 0.005735658539739985, 0.005666889678982515, 0.005665460662428467, 0.006334601609509379, 0.005995239341808926], "val_reg_loss": [0.006972187052717403, 0.007049199016321273, 0.0070448652748757645, 0.006531218380948145, 0.006199418539403095, 0.005914331502502873, 0.006155758693311659, 0.005725147731099573, 0.005953459575447062, 0.005828069702219513, 0.005779297322049619, 0.005888889329360118, 0.005864409166240384, 0.00572168145934859, 0.0061429317186897, 0.005657832844123718, 0.005828957594487639, 0.006115750969564985, 0.005656932914880888, 0.0062001668108952425, 0.005935767793007905, 0.005907456163272616, 0.0061887317643840875, 0.00842712186498656, 0.005631583578337635, 0.005694600160322374, 0.005625239048626215, 0.005623308860415977, 0.006294463018310212, 0.005953012960075978], "val_rank_loss": [0.000637682654967879, 0.0005965579597007794, 0.0005522474928598275, 0.0005171474696821644, 0.0004938981267817629, 0.0005130613207588867, 0.0004423996702710625, 0.0004324711711859212, 0.0004343174696259666, 0.0004216549332629675, 0.0004281652471122687, 0.00041549457287940654, 0.0004218441235790369, 0.00042361049724156996, 0.00040809637530834326, 0.00040994174947078885, 0.00041369782740643827, 0.00041871723430905684, 0.0004257605126887996, 0.000413160429276999, 0.0004138123161008855, 0.0004101136022770319, 0.0004309369639760541, 0.00044571199459679766, 0.0004045904881624867, 0.0004105838571766591, 0.00041650635772846667, 0.00042151807319319305, 0.0004013859220971686, 0.00042226386219789715], "val_perf": [{"mse": 0.007029307326635044, "mrrt": 0.02597631721649801, "btl": 1.912502712191781}, {"mse": 0.007106950257702744, "mrrt": 0.026499345771890767, "btl": 1.8057371596223675}, {"mse": 0.007102580971481268, "mrrt": 0.022724847846079775, "btl": 1.514231814595405}, {"mse": 0.006584725994975235, "mrrt": 0.027248235641764224, "btl": 1.6283474515075795}, {"mse": 0.006250207847516612, "mrrt": 0.023920833052579072, "btl": 1.5514956771512516}, {"mse": 0.0059627851753323155, "mrrt": 0.01870455521272809, "btl": 1.6612675625656266}, {"mse": 0.0062061902879374485, "mrrt": 0.02500927308065739, "btl": 1.7093158719944768}, {"mse": 0.005772051528002339, "mrrt": 0.02633042993154562, "btl": 1.9380231559625827}, {"mse": 0.006002233836697686, "mrrt": 0.01999324307834873, "btl": 1.6145237235468812}, {"mse": 0.0058758166898383365, "mrrt": 0.028881533287044982, "btl": 1.8271681214100681}, {"mse": 0.005826644721894675, "mrrt": 0.02159833257782838, "btl": 1.979385941667715}, {"mse": 0.005937134551601668, "mrrt": 0.019864471367482876, "btl": 1.8785213835071772}, {"mse": 0.005912453833502433, "mrrt": 0.024321267577612573, "btl": 1.7089691345463507}, {"mse": 0.005768556842430972, "mrrt": 0.02192769836351346, "btl": 1.684923302673269}, {"mse": 0.006193258265874698, "mrrt": 0.024435715790540755, "btl": 1.5344753731624223}, {"mse": 0.005704185136763396, "mrrt": 0.02409089478828664, "btl": 1.4415521667688154}, {"mse": 0.005876711874146676, "mrrt": 0.021219780919304213, "btl": 1.6827595536014996}, {"mse": 0.006165854846870366, "mrrt": 0.020340336432197122, "btl": 1.62622882812866}, {"mse": 0.005703277847253496, "mrrt": 0.02479323193706804, "btl": 1.401891555346083}, {"mse": 0.006250962233923826, "mrrt": 0.02405311579495894, "btl": 1.3828556844382547}, {"mse": 0.005984397119302395, "mrrt": 0.021842033270596136, "btl": 1.473430928599555}, {"mse": 0.005955853519378589, "mrrt": 0.02435498292870102, "btl": 1.33546655747341}, {"mse": 0.0062394334904576285, "mrrt": 0.02390333703391376, "btl": 1.2538181105046533}, {"mse": 0.008496161811702993, "mrrt": 0.020317240405113773, "btl": 1.3173401701205876}, {"mse": 0.0056777208447010875, "mrrt": 0.02746797342205045, "btl": 1.5130369699909352}, {"mse": 0.0057412537005570455, "mrrt": 0.024479194579646958, "btl": 1.2212856006226502}, {"mse": 0.0056713243466179055, "mrrt": 0.024007287575811925, "btl": 1.458923844678793}, {"mse": 0.005669378315962426, "mrrt": 0.021109393358564498, "btl": 1.8649810325878207}, {"mse": 0.006346030964788438, "mrrt": 0.021376076429700835, "btl": 1.3319531598535832}, {"mse": 0.006001783532978613, "mrrt": 0.017331848302599612, "btl": 1.1466057670477312}], "test_loss": [0.008024781578876676, 0.007513638267505772, 0.00874099884583037, 0.007162195011454669, 0.007806698471417784, 0.0078990529448517, 0.007588931192341359, 0.007419002301330808, 0.007970045974973259, 0.00758165701092044, 0.007733079991873181, 0.007982073092385184, 0.007616202160323094, 0.007562657863388962, 0.00785654662609226, 0.006803887281252488, 0.007577148256312568, 0.007923350429736109, 0.007172520679150579, 0.007755514499554529, 0.0078102235136089946, 0.006775146892553643, 0.007506668139327679, 0.010487911590072424, 0.006721317654137622, 0.007092715518053951, 0.007198788259052652, 0.007467383632774343, 0.008063542611409718, 0.007704174540984102],