{"train_loss": [0.04313981725859481, 0.030826899235615053, 0.030393799162797025, 0.03016960477406109, 0.030109277976727165, 0.0299862279481179, 0.029972455235248482, 0.02999231594589514, 0.02984124353356861, 0.0298581875030052, 0.02989988584272765, 0.029907796831449143, 0.029865415482404265, 0.029793122330227413, 0.029858328213260787, 0.029805297890325655, 0.029769407592814517, 0.02983859069141987, 0.029825786191567377, 0.029792034089867327, 0.029786791982179556, 0.02976276809349656, 0.029829641303198564, 0.029860500437585084, 0.02980299352391346, 0.02979372277654506, 0.029783199168741704, 0.02977781286966559, 0.029800041281693692, 0.02981597752234823], "train_reg_loss": [0.043042992002557255, 0.030739504005759956, 0.0303107983256514, 0.030089825892669928, 0.030031465399204878, 0.029909772894068345, 0.029897269178685303, 0.029917443820552246, 0.029767163510660867, 0.029784363498156136, 0.02982619255277756, 0.029834481212939766, 0.029791843498478066, 0.029719390191540525, 0.029784532034819997, 0.029731998006133614, 0.02969576113832158, 0.029764784268430763, 0.029752217572987884, 0.029718566927555444, 0.02971322207485099, 0.029689210102062772, 0.02975586235674249, 0.02978658505237183, 0.029729382462195447, 0.02972024394249594, 0.02970965888753936, 0.029703634343034514, 0.029726312022555518, 0.029741985260232074], "train_rank_loss": [0.0009682536831319708, 0.0008739521940918387, 0.0008300084557393691, 0.000797789374238975, 0.0007781253406318609, 0.0007645504801641092, 0.0007518609018203475, 0.0007487214243155904, 0.0007407999455903632, 0.0007382401370607015, 0.0007369329716311768, 0.0007331562679610215, 0.0007357201350198404, 0.0007373211904573632, 0.0007379618786807122, 0.0007329987621601873, 0.0007364643930388312, 0.0007380641843868747, 0.0007356859158372154, 0.0007346716834502798, 0.0007356992346152814, 0.0007355801329312444, 0.0007377894691622665, 0.0007391539244988078, 0.0007361108543763466, 0.0007347882402403205, 0.0007354027708847629, 0.0007417859262598024, 0.0007372926045177705, 0.000739922582736629], "val_loss": [0.03327772029424234, 0.03225620895890253, 0.03159310567444042, 0.031467066456874214, 0.03141537350824192, 0.03140185546455166, 0.03132453405608734, 0.031188686644392356, 0.032691400838158434, 0.03131052947026633, 0.03169326021498631, 0.031121587329026725, 0.03129824664857653, 0.0312003623472438, 0.031179333438298533, 0.031122377925803735, 0.031205236704813108, 0.03116966581474694, 0.0314259711091244, 0.03114252711187989, 0.03116964791265745, 0.0327593908009548, 0.031233102112771974, 0.03150280503674396, 0.031187202485780868, 0.03141383233938425, 0.03119796658644364, 0.031208789722609615, 0.03119054018327641, 0.03136364967813567], "val_reg_loss": [0.033181356096137614, 0.03216332971813187, 0.031506117610704334, 0.03138420430736409, 0.031331301001565795, 0.03131799466375794, 0.03124450094672659, 0.031110166882475216, 0.03261507173172302, 0.031229181673436884, 0.03161359777940171, 0.031043070715866865, 0.031218358419007726, 0.031121475969456018, 0.031101784624514125, 0.031044378751031464, 0.03112549920167242, 0.03109102322912169, 0.03134760511152092, 0.031064742695658454, 0.03109099038891376, 0.032679363205615014, 0.03115594466142948, 0.031423396955702516, 0.031107796274776025, 0.0313366307758741, 0.03111890483174532, 0.031129428872927314, 0.03111258330976679, 0.03128613725245472], "val_rank_loss": [0.0009636420978090933, 0.0009287926086616363, 0.0008698810048545489, 0.0008286211875476135, 0.0008407254624346803, 0.0008386076927611915, 0.0008003310989200448, 0.0007851980986916239, 0.0007632916140931822, 0.0008134785933338756, 0.000796624052219115, 0.0007851663094553505, 0.0007988823728362423, 0.0007888636000210507, 0.0007754883828013027, 0.0007799920997404982, 0.0007973747977678339, 0.0007864255584002147, 0.0007836593223536121, 0.000777843656708553, 0.0007865755523819225, 0.0008002762646471623, 0.0007715747471795314, 0.0007940808365154746, 0.0007940628633987794, 0.000772014856458612, 0.0007906172262635895, 0.0007936079387686082, 0.0007795685348341182, 0.0007751245672504107], "val_perf": [{"mse": 0.03345319740032522, "mrrt": 0.038165414333375336, "btl": 1.420353254827205}, {"mse": 0.032426830894744414, "mrrt": 0.038165414333375336, "btl": 1.420353254827205}, {"mse": 0.031764234270337165, "mrrt": 0.03810685573192812, "btl": 1.3729187199496664}, {"mse": 0.03164132231252289, "mrrt": 0.03810685573192812, "btl": 1.3729187199496664}, {"mse": 0.03158798541951882, "mrrt": 0.03815811956354326, "btl": 1.412477690319065}, {"mse": 0.03157457021106269, "mrrt": 0.03815811956354326, "btl": 1.412477690319065}, {"mse": 0.031500474262819, "mrrt": 0.03750072409671951, "btl": 1.3181518423953094}, {"mse": 0.031365039947624185, "mrrt": 0.03750103719068906, "btl": 1.3243242591270246}, {"mse": 0.03288227375486672, "mrrt": 0.037508749127039054, "btl": 1.3433250696980394}, {"mse": 0.03148502942129081, "mrrt": 0.037508749127039054, "btl": 1.3433250696980394}, {"mse": 0.03187259493191193, "mrrt": 0.037508749127039054, "btl": 1.3433250696980394}, {"mse": 0.03129739390362928, "mrrt": 0.037508749127039054, "btl": 1.3433250696980394}, {"mse": 0.03147411765930301, "mrrt": 0.03744977335907393, "btl": 1.284765288757626}, {"mse": 0.03137644164544539, "mrrt": 0.037508749127039054, "btl": 1.3433250696980394}, {"mse": 0.03135658882118626, "mrrt": 0.037508749127039054, "btl": 1.3433250696980394}, {"mse": 0.031298712643139694, "mrrt": 0.037508749127039054, "btl": 1.3433250696980394}, {"mse": 0.0313804978113328, "mrrt": 0.037508749127039054, "btl": 1.3433250696980394}, {"mse": 0.03134573924966687, "mrrt": 0.03744977335907393, "btl": 1.284765288757626}, {"mse": 0.03160442327067213, "mrrt": 0.037508749127039054, "btl": 1.3433250696980394}, {"mse": 0.0313192434150112, "mrrt": 0.037508749127039054, "btl": 1.3433250696980394}, {"mse": 0.03134570608366448, "mrrt": 0.037508749127039054, "btl": 1.3433250696980394}, {"mse": 0.03294709180398217, "mrrt": 0.03744977335907393, "btl": 1.284765288757626}, {"mse": 0.031411192688752726, "mrrt": 0.03744977335907393, "btl": 1.284765288757626}, {"mse": 0.03168083608033989, "mrrt": 0.037508749127039054, "btl": 1.3433250696980394}, {"mse": 0.031362649698713434, "mrrt": 0.037508779236884594, "btl": 1.345035110192839}, {"mse": 0.03159335912015544, "mrrt": 0.037508749127039054, "btl": 1.3433250696980394}, {"mse": 0.03137384951227292, "mrrt": 0.037465428558561296, "btl": 1.3002396585070528}, {"mse": 0.03138445970235588, "mrrt": 0.037508749127039054, "btl": 1.3433250696980394}, {"mse": 0.031367475892440586, "mrrt": 0.037465428558561296, "btl": 1.3002396585070528}, {"mse": 0.03154245157366766, "mrrt": 0.037508749127039054, "btl": 1.3433250696980394}], "test_loss": [0.05995600232029263, 0.06253836029661104, 0.061664295488897757, 0.060253894836779384, 0.06116596875783009, 0.061195372631341095, 0.0602008328627685, 0.06049048047088369, 0.05958919271135129, 0.060629355811557185, 0.06301836961023667, 0.06133673376234775, 0.061654579837488226, 0.06043939458261311, 0.06039537784922475, 0.060772179048272625, 0.06076997961801819, 0.06102279527309323, 0.05994373518297692, 0.060998624245702966, 0.0609046366647326, 0.05962589639337254, 0.06030414413016305, 0.05996561374216643, 0.06074078336263759, 0.059960660379269955, 0.0608094233453651, 0.06059796654693939, 0.06155066980434118, 0.06235624023787834], "test_reg_loss": [0.059850958352790605, 0.062434363072808786, 0.06156529272407419, 0.06015892080050984, 0.06106977435889878, 0.06109931030731161, 0.060108346998188567, 0.06039903265765951, 0.05950050319265967, 0.06053567839637084, 0.06292494440663464, 0.06124453246593475, 0.06156160680867952, 0.06034764246661452, 0.06030462978541348, 0.060680728704366, 0.06067723148199828, 0.06093071269083627, 0.0598524180850022, 0.0609071868538605, 0.060812402170795934, 0.05953391577718379, 0.06021359184843327, 0.05987333554287248, 0.06064781302955583, 0.05986948816679449, 0.06071692654069214, 0.060504838635649864, 0.061458627492943896, 0.062263753383031376],