{"train_loss": [0.029978635559185736, 0.006734115175109961, 0.0031906539305251694, 0.001820267384440789, 0.001194145872510932, 0.0009286301991606534, 0.0007765348332484152, 0.0006944533909837765, 0.0007158228271519703, 0.0006211623964584243, 0.0006391469007507408, 0.0005908088396756431, 0.0006359171037360824, 0.0006005793948723884, 0.0005842549450667197, 0.0005742565442995181, 0.0006143089456993432, 0.0005588218479101056, 0.0005907517233690423, 0.0005662636899442815, 0.0005788917539010416, 0.0005431438445009769, 0.0005334754635318736, 0.0005059705781703186, 0.000573027667701968, 0.0005340002455537812, 0.0005419108041088613, 0.0005457010386217499, 0.0005396192967521996, 0.0005507113458431401], "train_reg_loss": [0.029894204208677683, 0.0066778407595749645, 0.0031533856248495648, 0.001795132290194365, 0.0011759217508370058, 0.0009150689692752486, 0.0007661841698250469, 0.0006863500908169756, 0.000708680124099939, 0.0006156961002734779, 0.0006341541805414709, 0.000586395639264673, 0.0006319628461898065, 0.0005969485672893997, 0.0005807093066175947, 0.0005712326823708576, 0.0006111669037734926, 0.0005558514900307322, 0.0005878895034166399, 0.0005634176554087537, 0.0005761572721648671, 0.0005405725369692427, 0.0005310012102937262, 0.0005036449195924089, 0.0005704257392829498, 0.0005314537318308548, 0.0005394790973671636, 0.0005434171581008421, 0.0005372364363850196, 0.0005482684098800795], "train_rank_loss": [0.0008443127273258787, 0.0005627441333254447, 0.0003726830696954543, 0.00025135095413527265, 0.00018224122330728868, 0.0001356122939821059, 0.00010350663511859682, 8.103299798086802e-05, 7.14270404092236e-05, 5.466295922667848e-05, 4.992719294367251e-05, 4.41320031190903e-05, 3.954257025282926e-05, 3.6308267364212365e-05, 3.545637391898954e-05, 3.0238624528489732e-05, 3.1420418334262746e-05, 2.9703571960846994e-05, 2.8622200198770845e-05, 2.8460347995270558e-05, 2.73448191604542e-05, 2.571308529228633e-05, 2.4742526826795823e-05, 2.325659563728157e-05, 2.6019279525949184e-05, 2.546513221290838e-05, 2.4317067292228072e-05, 2.2838810976380143e-05, 2.382860608810694e-05, 2.4429361597695616e-05], "val_loss": [0.00821822063834776, 0.004896856858284168, 0.0020244112764928666, 0.0012802704390312088, 0.0011328756929345665, 0.0012069784910030041, 0.0006652809163261693, 0.0005859924621911468, 0.0005554692229669031, 0.0007063685323315901, 0.0005896095910487468, 0.0006433313122663152, 0.0005102994878793002, 0.0008594396247875891, 0.0005475017848463418, 0.0008723169445320742, 0.0005287173678100641, 0.0005402080349172355, 0.0005361465584197533, 0.0005009015267927363, 0.0008270202386137541, 0.0006016668504300815, 0.0005266082246505123, 0.0006045001787747929, 0.000502974438801637, 0.0004961619297174611, 0.0005402790563479472, 0.000540099603457502, 0.0005004390110866913, 0.0007130676200927516], "val_reg_loss": [0.008145084275701453, 0.004846665647900885, 0.0019923220795120987, 0.0012564061501521677, 0.0011154271194264145, 0.001194120302753863, 0.0006542869584610877, 0.0005780561861308617, 0.000549123434168342, 0.0007004599499360045, 0.0005843928690107228, 0.0006399655244350138, 0.0005073928167846697, 0.0008558897019871178, 0.0005435616051452974, 0.0008689386615139757, 0.0005266063249903724, 0.0005349136889789305, 0.0005341345950866872, 0.0004988182731072552, 0.0008229923505351753, 0.0006000967124626706, 0.0005250882356435001, 0.0006025916123430111, 0.0005012438655068676, 0.0004940797147038023, 0.0005379451037682999, 0.0005383422072294966, 0.000498593408078055, 0.0007101271779295834], "val_rank_loss": [0.000731363507160466, 0.0005019121362859132, 0.00032089203425187854, 0.00023864289294810048, 0.0001744857397011762, 0.00012858188491673134, 0.00010993957147591227, 7.936276219085797e-05, 6.345788122936418e-05, 5.908582528400796e-05, 5.216722720866701e-05, 3.365788122195342e-05, 2.9066707687282662e-05, 3.549924095779485e-05, 3.940179138023975e-05, 3.3782845476375694e-05, 2.1110432477317297e-05, 5.294346527311034e-05, 2.0119633662698252e-05, 2.0832531033322865e-05, 4.027887928800954e-05, 1.5701387893848675e-05, 1.5199894503908466e-05, 1.908566919371965e-05, 1.7305730139808488e-05, 2.0822149652967856e-05, 2.3339517484702002e-05, 1.7573966989936982e-05, 1.84560413612099e-05, 2.9404414445952934e-05], "val_perf": [{"mse": 0.008211813596955395, "mrrt": 0.005637527439911183, "btl": 1.4034781871014275}, {"mse": 0.004886372400652492, "mrrt": 0.008375870924325592, "btl": 1.4977187130898528}, {"mse": 0.002008644361062982, "mrrt": 0.011072461763138365, "btl": 1.7976374111021869}, {"mse": 0.001266699366397156, "mrrt": 0.018328570598309984, "btl": 2.304809974040836}, {"mse": 0.0011245653573928997, "mrrt": 0.0248514263977986, "btl": 2.5985172754662926}, {"mse": 0.001203903243096677, "mrrt": 0.02566380502471229, "btl": 1.9900128161243629}, {"mse": 0.0006596472643371297, "mrrt": 0.025408461310033926, "btl": 1.5097352874290664}, {"mse": 0.0005827919660560929, "mrrt": 0.024378438226813865, "btl": 1.2940547295438591}, {"mse": 0.0005536221808669822, "mrrt": 0.030933487109950916, "btl": 1.6459423367632553}, {"mse": 0.0007061985304630723, "mrrt": 0.031069720999335037, "btl": 1.6274151502875611}, {"mse": 0.0005891805605262438, "mrrt": 0.020904867789667235, "btl": 1.4306463899556547}, {"mse": 0.0006452084966667577, "mrrt": 0.025446534658472006, "btl": 1.2627089782617986}, {"mse": 0.0005115496804021042, "mrrt": 0.02579574470309173, "btl": 1.4600516497157514}, {"mse": 0.0008629016532138952, "mrrt": 0.026782426208234775, "btl": 1.6865922189026605}, {"mse": 0.0005480147820402127, "mrrt": 0.02025640125626029, "btl": 1.4642318419646472}, {"mse": 0.0008760575212162579, "mrrt": 0.029954530833090787, "btl": 1.671529286482837}, {"mse": 0.0005309205954897051, "mrrt": 0.023602292473701797, "btl": 1.372201119462261}, {"mse": 0.0005392960187011414, "mrrt": 0.033193235826814556, "btl": 1.2661392761219759}, {"mse": 0.0005385105409346533, "mrrt": 0.03059818610853252, "btl": 1.6405168211204}, {"mse": 0.0005029048873800941, "mrrt": 0.02372447425018357, "btl": 1.452491937612649}, {"mse": 0.0008297347928949726, "mrrt": 0.004932405827010709, "btl": 0.7122886934994312}, {"mse": 0.0006050130579859231, "mrrt": 0.02898820527301642, "btl": 2.54028133166139}, {"mse": 0.0005293900675583327, "mrrt": 0.020083274294889267, "btl": 1.9853484764753375}, {"mse": 0.0006075283935467001, "mrrt": 0.02467836725316859, "btl": 1.1442838485818356}, {"mse": 0.0005053503531146068, "mrrt": 0.02816155001433665, "btl": 2.3629822966468055}, {"mse": 0.0004981275082926157, "mrrt": 0.018723383100148965, "btl": 0.8567722743027844}, {"mse": 0.0005423522696263024, "mrrt": 0.02544943606884563, "btl": 1.6574113850365393}, {"mse": 0.0005427526236405179, "mrrt": 0.03158422681474946, "btl": 2.4600496457424015}, {"mse": 0.0005026781808125886, "mrrt": 0.028601749078640517, "btl": 2.3410891197563615}, {"mse": 0.0007159449606038164, "mrrt": 0.022658125158059365, "btl": 2.197858450905187}], "test_loss": [0.008088994346841981, 0.003733916100083147, 0.0018243506336623984, 0.0011340704670898963, 0.000890654571676619, 0.0009643373485823567, 0.0005918512459036812, 0.0005076569113300776, 0.00046459168881199516, 0.0005797647529321954, 0.0004976225018752779, 0.0005686875120938052, 0.0004075590971408349, 0.0007385787915611318, 0.00043472045573763517, 0.0008315068496713406, 0.0004319621804848172, 0.00044639241290504684, 0.000435497803576212, 0.00040580221917971434, 0.0006922001393908784, 0.0004949266977489332, 0.0004237694702015891, 0.0005010662238503598, 0.0004091994525748796, 0.0004121179774478235, 0.00045551344284931207, 0.0004528761921300187, 0.0004106089116647871, 0.0006686973517278272],