{"train_loss": [0.020797254508392683, 0.0019179129121176949, 0.0012402371610388966, 0.0010723944177624544, 0.0008562964896751706, 0.0007472366758471204, 0.0006711594833177514, 0.0006260104328543388, 0.0006316876129170162, 0.0005632904931042356, 0.0005671687549250704, 0.0005698365016370018, 0.0005769427207171149, 0.0005516959155667448, 0.0005285435527283069, 0.0005232590921042248, 0.0005572507361255309, 0.0005374840688828782, 0.000540748531902618, 0.0005173669820234519, 0.0005472715647703955, 0.0005449166724566886, 0.0005141814655429256, 0.0004907419287593331, 0.0005204911528995285, 0.0005080873224722235, 0.0005024578938114369, 0.0005184079886758638, 0.0005158988363463495, 0.0005084987348488318], "train_reg_loss": [0.02075527906244797, 0.0018885241305405223, 0.0012191431276733055, 0.0010552173254640169, 0.000841894329779599, 0.0007356484881342653, 0.0006621904565985755, 0.0006189970063231257, 0.0006261333053919009, 0.0005590331699381381, 0.0005635139288937648, 0.0005665731169535099, 0.0005738760508294847, 0.0005487254372506081, 0.0005258817283902318, 0.0005206652558282823, 0.0005545677291347356, 0.0005347419874876348, 0.0005381052089285584, 0.0005149741375479041, 0.0005446763619712893, 0.0005423072558974004, 0.0005117648958017722, 0.0004885008920855644, 0.0005180891173753283, 0.0005056974543352938, 0.0005001234854618717, 0.0005159436119798999, 0.0005135189573912931, 0.000506194348181944], "train_rank_loss": [0.0004197530949021392, 0.00029388779313759754, 0.00021094032985078033, 0.0001717709322169744, 0.00014402159685650493, 0.00011588188094351239, 8.969027236850486e-05, 7.013425562724258e-05, 5.554307233093847e-05, 4.2573232672480485e-05, 3.6548257943453594e-05, 3.263384280610291e-05, 3.066671298821913e-05, 2.970478027925089e-05, 2.661824203617446e-05, 2.593836229853214e-05, 2.683007058515835e-05, 2.7420819351022687e-05, 2.643322963612681e-05, 2.392844693765034e-05, 2.5952018440138263e-05, 2.6094167147012076e-05, 2.4165701260293693e-05, 2.241035680084236e-05, 2.402036709615975e-05, 2.3898679695333624e-05, 2.334408416056642e-05, 2.4643766400421974e-05, 2.379878294627938e-05, 2.3043863772014644e-05], "val_loss": [0.0023989463797844356, 0.0017235367573910421, 0.0012465030447365568, 0.0010553582005308098, 0.0009040181252029946, 0.0008860007610998028, 0.0006006406612637904, 0.0005762796533258913, 0.0005539352326498678, 0.0005194227225498282, 0.0006723246709346616, 0.0006205115762621438, 0.0005067842006581718, 0.0005644459470493039, 0.0005240924189805925, 0.0005023857360471979, 0.0005778065840006873, 0.0005519878474250805, 0.0004952518448546817, 0.0004951771635017987, 0.0005133662374906375, 0.0005783514020477592, 0.0005597376646561777, 0.0004945328378992614, 0.0005012379783909724, 0.0005073953142282479, 0.0004998798303570347, 0.0005100617398432131, 0.0005930109919785219, 0.0007609429392485052], "val_reg_loss": [0.0023608376673470797, 0.0016946229843019937, 0.0012245167269452756, 0.0010376863698068532, 0.0008891716014846996, 0.0008745262449439098, 0.0005919065043267365, 0.0005686594628810232, 0.0005483333299043662, 0.0005149227531907695, 0.0006692542802262497, 0.0006183842819559181, 0.0005034412258412756, 0.0005623343171291275, 0.0005222041928347954, 0.0004999664023570302, 0.0005759519359950597, 0.0005493614392882649, 0.0004927691506242216, 0.0004928361619628655, 0.0005111950733176884, 0.0005736073904295659, 0.0005582199030738723, 0.0004928205183652666, 0.0004986873982055667, 0.0005055535444943604, 0.0004973206989003331, 0.0005081208018098204, 0.000590506036262793, 0.0007580167513215057], "val_rank_loss": [0.00038108718338965747, 0.00028913773484606596, 0.00021986319982730376, 0.00017671833904300694, 0.00014846521900749177, 0.00011474517481156721, 8.734158767592384e-05, 7.620190792785872e-05, 5.601902193308296e-05, 4.499969356893128e-05, 3.0703913472236655e-05, 2.127294090401154e-05, 3.342975660344232e-05, 2.1116301728138103e-05, 1.888227302335133e-05, 2.419333524509663e-05, 1.8546474898862976e-05, 2.6264067433398202e-05, 2.482693874602167e-05, 2.3410024722478636e-05, 2.17116627994521e-05, 4.744011911974494e-05, 1.5177609900511304e-05, 1.7123200448637247e-05, 2.5505792816855115e-05, 1.8417689164250207e-05, 2.559131100121978e-05, 1.9409373649862587e-05, 2.504956677916602e-05, 2.9261878995702505e-05], "val_perf": [{"mse": 0.0023801790309996213, "mrrt": 0.03241955015162684, "btl": 2.609443112887675}, {"mse": 0.0017085063386522463, "mrrt": 0.03445674266734488, "btl": 2.665347830276005}, {"mse": 0.001234548685492736, "mrrt": 0.0364106855417598, "btl": 2.339834289770806}, {"mse": 0.001046187709655708, "mrrt": 0.046638038818282844, "btl": 3.263547795417253}, {"mse": 0.0008964562216058078, "mrrt": 0.04520828002621299, "btl": 2.5374336981622037}, {"mse": 0.0008816908824822856, "mrrt": 0.03760986397678594, "btl": 2.3317655647115316}, {"mse": 0.000596755751382156, "mrrt": 0.032939875587043706, "btl": 2.043567423679633}, {"mse": 0.0005733182581301414, "mrrt": 0.028498027156550393, "btl": 1.6241484725906048}, {"mse": 0.0005528255957793758, "mrrt": 0.02863953120347385, "btl": 1.936563537485199}, {"mse": 0.0005191413082156012, "mrrt": 0.030961745839447954, "btl": 2.5265969006577507}, {"mse": 0.000674737205474594, "mrrt": 0.031576794358971406, "btl": 2.3272263570979703}, {"mse": 0.0006234504503862702, "mrrt": 0.029700715156920614, "btl": 2.1020134084683377}, {"mse": 0.0005075657139294648, "mrrt": 0.02697483985492558, "btl": 2.4939831262163352}, {"mse": 0.0005669412922403458, "mrrt": 0.028474131285534082, "btl": 2.560356448258972}, {"mse": 0.0005264823972500561, "mrrt": 0.027596234366657358, "btl": 1.7404365110269282}, {"mse": 0.0005040624226508488, "mrrt": 0.03628555021963565, "btl": 2.1677925166732166}, {"mse": 0.0005806704765900135, "mrrt": 0.03067457808166209, "btl": 2.0938201859535184}, {"mse": 0.0005538621320518275, "mrrt": 0.03109783668297135, "btl": 2.5256578548578545}, {"mse": 0.0004968062076666468, "mrrt": 0.02858692894444107, "btl": 2.402233601984335}, {"mse": 0.0004968737663454529, "mrrt": 0.030925168450071622, "btl": 2.6064549114671536}, {"mse": 0.0005153830830250047, "mrrt": 0.026775144498798194, "btl": 1.8734894190856721}, {"mse": 0.0005783067243078884, "mrrt": 0.025456229542979773, "btl": 1.9591633476375137}, {"mse": 0.0005627931727850759, "mrrt": 0.03235929712310095, "btl": 1.9531183508224785}, {"mse": 0.000496857996063203, "mrrt": 0.029033498038771522, "btl": 2.170350164087722}, {"mse": 0.0005027729410953387, "mrrt": 0.025964334108430444, "btl": 1.9745754470932297}, {"mse": 0.0005096953366199303, "mrrt": 0.0292642163219665, "btl": 2.4806338323105592}, {"mse": 0.0005013950443051553, "mrrt": 0.03427443210123027, "btl": 2.526130028621992}, {"mse": 0.0005122836333734446, "mrrt": 0.028662093540511163, "btl": 2.246650322835194}, {"mse": 0.0005953438113386956, "mrrt": 0.02920557613621984, "btl": 2.0846085241646506}, {"mse": 0.000764226872002681, "mrrt": 0.032768466424263606, "btl": 2.6892684913182165}], "test_loss": [0.001828983840178934, 0.0012752606787911384, 0.0009797301106813131, 0.0008420261376604186, 0.000713196048048376, 0.0007221611110564274, 0.00048354846282414146, 0.0004549173908755144, 0.0004362943037614454, 0.00040503273097177345, 0.0005536821720810246, 0.0005119805497963194, 0.000409239653253806, 0.0004636019540514467, 0.0004111529679262602, 0.0003965974015793822, 0.000466573166804396, 0.00046061968687776365, 0.00038750948559272767, 0.00038687675916992584, 0.0004078950771628702, 0.0004559673402946686, 0.0004521109479850842, 0.0003808357945411517, 0.0003895230674433408, 0.00040089136119961406, 0.0003969711163140173, 0.00039252348650415834, 0.00046834646644835056, 0.0006953246965424752],