{"train_loss": [0.023789188318659324, 0.006113905205416518, 0.003006609792921793, 0.0018268725496553187, 0.001203961403823357, 0.00097862979089621, 0.000800048816843726, 0.0007052518297781274, 0.0006570324198086431, 0.0006070531987092722, 0.0005880780623261376, 0.000583922337131839, 0.0005782694139516271, 0.0005507460027827718, 0.0005249063639918884, 0.0005187915081380099, 0.0005532628806060923, 0.0005387564112842901, 0.000533277135656209, 0.0005136555353945712, 0.0005333961353785157, 0.0005398428102371572, 0.0005059329317756802, 0.0004890316636167857, 0.0005092987625519871, 0.000502230204615075, 0.000495467985515338, 0.0005130610382538352, 0.0005141256318893283, 0.0005027073221434556], "train_reg_loss": [0.023709981549984296, 0.006066098678668306, 0.002973239612608292, 0.0018015483251105793, 0.0011838114246210034, 0.0009623259767682317, 0.0007871466150390916, 0.0006952138291593214, 0.000649193626363617, 0.000600673282393915, 0.0005827300170691357, 0.0005793572574573871, 0.000574347737002992, 0.0005470418807817623, 0.0005217337070585141, 0.0005157498851051945, 0.0005502674867268463, 0.000535736936286117, 0.0005305408056891473, 0.0005110929492385932, 0.0005308285615142636, 0.0005372134184014883, 0.000503548291610944, 0.00048676409201721686, 0.0005069203496630606, 0.0004998212449159788, 0.0004931286943296122, 0.0005105203790023822, 0.0005116457729781286, 0.0005003634315692801], "train_rank_loss": [0.000792068089169727, 0.00047806523367841224, 0.00033370175306855174, 0.0002532422481119677, 0.00020149979225951372, 0.0001630381415157604, 0.00012902203482037687, 0.00010037999961020212, 7.8387939076394e-05, 6.379917469923777e-05, 5.348044980958032e-05, 4.565079629960441e-05, 3.921676935238498e-05, 3.704121238385867e-05, 3.172657227362317e-05, 3.041623493216419e-05, 2.9953949381927707e-05, 3.0194746147104967e-05, 2.7363297557885008e-05, 2.562586319318389e-05, 2.5675726637190736e-05, 2.629392674309103e-05, 2.3846404248640308e-05, 2.2675716095855514e-05, 2.378413074942777e-05, 2.4089591887344352e-05, 2.339290545085139e-05, 2.5406595181561283e-05, 2.4798587593510536e-05, 2.343891048710518e-05], "val_loss": [0.00985142518396652, 0.0041388827625529045, 0.0021242196884168874, 0.0017612719111928037, 0.001166119777490311, 0.0009147057327994382, 0.0007221793812133246, 0.0007431354599594627, 0.0006172657180401969, 0.0005400437234100768, 0.0006417046540827002, 0.0005652637621443276, 0.0005462941220944881, 0.0005371739670018931, 0.0005230113633770666, 0.0005055422519194147, 0.0005879076832946065, 0.0006330483050237129, 0.0005002026946818834, 0.0005017560391039181, 0.0005005432494005025, 0.0005236663082397417, 0.0005103819407056093, 0.0004970063577823726, 0.0004993103627514626, 0.000547327463700351, 0.000503724798782348, 0.0005011264638308184, 0.0005188452483303586, 0.0006820988974285438], "val_reg_loss": [0.009787231450900435, 0.00409536334475325, 0.0020924977369658235, 0.0017360752676650586, 0.0011454974427044997, 0.0008985266975951307, 0.0007098711501471588, 0.0007331271478347296, 0.0006085568719076007, 0.0005340311149161102, 0.0006368079042918648, 0.0005614198912337001, 0.000542929640355324, 0.0005341637167028181, 0.0005202927380788236, 0.0005023794239807305, 0.0005854541352799436, 0.0006298672854008766, 0.0004979057459480366, 0.0004997927873254022, 0.0004979502336937003, 0.0005196642491177449, 0.0005087799681715541, 0.0004949074722216686, 0.0004962801255123128, 0.0005451243663888558, 0.0005000034291278719, 0.0004990809857623563, 0.0005164753164867834, 0.000678328173740911], "val_rank_loss": [0.0006419373942965952, 0.0004351942666939327, 0.0003172195289470625, 0.0002519664642946621, 0.00020622333457660197, 0.00016179035093147022, 0.00012308230031074288, 0.00010008311004466599, 8.708845667743368e-05, 6.0126079785862074e-05, 4.896751427204147e-05, 3.843871304741784e-05, 3.364481621507106e-05, 3.0102506148718282e-05, 2.7186245129015e-05, 3.1628301041477936e-05, 2.453547435762298e-05, 3.1810205175336e-05, 2.296949988732873e-05, 1.9632513551677842e-05, 2.5930138170744093e-05, 4.002059031047374e-05, 1.6019730433000072e-05, 2.0988856655484206e-05, 3.030237611248652e-05, 2.2030975558317594e-05, 3.721369335431114e-05, 2.0454783440173844e-05, 2.3699323026535457e-05, 3.7707261338847085e-05], "val_perf": [{"mse": 0.00986741421676775, "mrrt": 0.0038642618278219064, "btl": 1.0772206974797882}, {"mse": 0.0041289150022794496, "mrrt": 0.006773055852299518, "btl": 1.3620360513668857}, {"mse": 0.00210964071756848, "mrrt": 0.009148936860732398, "btl": 1.3538414882132201}, {"mse": 0.0017502982250883446, "mrrt": 0.0169194642213436, "btl": 1.6913387569074985}, {"mse": 0.0011548820280695908, "mrrt": 0.02716649291094149, "btl": 2.196316950743494}, {"mse": 0.0009058879635480194, "mrrt": 0.02714905133149652, "btl": 1.7803055817785207}, {"mse": 0.0007156868402216565, "mrrt": 0.02669526084992196, "btl": 1.5948283303296193}, {"mse": 0.0007391333577155371, "mrrt": 0.02584752619895216, "btl": 1.7864207111415453}, {"mse": 0.0006135425266936006, "mrrt": 0.031921578246285894, "btl": 1.9548786195809953}, {"mse": 0.0005384062148417123, "mrrt": 0.030521495646952983, "btl": 2.3958214656158816}, {"mse": 0.000642025010705921, "mrrt": 0.027787301292172075, "btl": 1.9346494290730334}, {"mse": 0.0005660193771983727, "mrrt": 0.026919973697967937, "btl": 2.062434949359158}, {"mse": 0.0005473776413947296, "mrrt": 0.03633208658656202, "btl": 3.2434297314903233}, {"mse": 0.0005385399015010636, "mrrt": 0.032497159045272714, "btl": 2.4179553453286644}, {"mse": 0.0005245552776087039, "mrrt": 0.024504438639443897, "btl": 2.078662506333785}, {"mse": 0.0005064952100184466, "mrrt": 0.03412321530596071, "btl": 2.551908225432271}, {"mse": 0.0005902505193443531, "mrrt": 0.037930058149842856, "btl": 2.9355541570985224}, {"mse": 0.0006350275290482786, "mrrt": 0.03534608325550366, "btl": 2.4792982049111743}, {"mse": 0.000501984882868562, "mrrt": 0.03711097577680168, "btl": 2.811931022471981}, {"mse": 0.0005038873850711755, "mrrt": 0.033399526056421866, "btl": 3.417784605495399}, {"mse": 0.0005020297366406447, "mrrt": 0.03613040832321488, "btl": 2.6316586867324077}, {"mse": 0.0005239216478777457, "mrrt": 0.042382597983074664, "btl": 3.4064140677510295}, {"mse": 0.0005129481966005753, "mrrt": 0.03860985935927951, "btl": 3.377159992494853}, {"mse": 0.0004989620435305139, "mrrt": 0.02721118788484057, "btl": 2.4562734205683228}, {"mse": 0.0005003459450312825, "mrrt": 0.045818131952508785, "btl": 3.3897650060534943}, {"mse": 0.0005495903494401885, "mrrt": 0.035765757836287854, "btl": 2.532284557062667}, {"mse": 0.0005040997533162443, "mrrt": 0.03847907112471155, "btl": 2.9801004265609663}, {"mse": 0.0005031697488845524, "mrrt": 0.035216864554844615, "btl": 2.633817823341815}, {"mse": 0.0005207065864619841, "mrrt": 0.03745678860312384, "btl": 3.03231463994598}, {"mse": 0.0006838854367165638, "mrrt": 0.03704593387018614, "btl": 2.5351797155162785}], "test_loss": [0.010400155115133852, 0.0044825717301858505, 0.002113977917725464, 0.0017838237909325065, 0.0009538840500290116, 0.0007695979361357522, 0.0005843398923335307, 0.0006059472814333952, 0.0004827323586916755, 0.0004280353029959006, 0.0005532334488546397, 0.0004679636425831854, 0.0004403867029004341, 0.00043544072709645573, 0.00040951355670889217, 0.0003924980197929019, 0.00047195195396016213, 0.0005613561476018862, 0.00039544966470210453, 0.0003903733383675542, 0.00039235196547398053, 0.00040806604540447077, 0.00040542707651537225, 0.0003838001004148094, 0.00039006356063459995, 0.0004486381918076968, 0.00040325713323042156, 0.0003862102059298686, 0.00040430474230864394, 0.0006190676539045865],